{
    "$schema": "http://schema.management.azure.com/schemas/2015-01-01/deploymentTemplate.json#",
        "contentVersion": "1.0.0.0",
  "parameters": {
    "webSiteName": {
      "type": "string",
      "maxLength": 15,
      "metadata": {
        "description": "Name of the Web App."
      }
    },
    "skuName": {
      "type": "string",
      "defaultValue": "F1",
      "allowedValues": [
        "F1",
        "D1",
        "B1",
        "B2",
        "B3",
        "S1",
        "S2",
        "S3",
        "P1",
        "P2",
        "P3",
        "P4"
      ],
      "metadata": {
        "description": "Describes plan's pricing tier and instance size. Check details at https://azure.microsoft.com/en-us/pricing/details/app-service/"
      }
    },
    "keyVaultName": {
      "type": "string",
      "metadata": {
        "description": "Key Vault to be created. Web site will be granted access to this Key Vault."
      }
    },
    "keyVaultSecret": {
      "type": "string",
      "metadata": {
        "description": "Secret to add to the Key Vault"
      }
    }
  },
    "variables": {
        "hostingPlanName": "[concat('hostingplan', uniqueString(resourceGroup().id))]",
            "identityResourceId" : "[concat(resourceId('Microsoft.Web/sites', parameters('webSiteName')),'/providers/Microsoft.ManagedIdentity/Identities/default')]"
    },
    "resources": [
        {
            "apiVersion": "2016-03-01",
            "name": "[variables('hostingPlanName')]",
            "type": "Microsoft.Web/serverfarms",
            "location": "[resourceGroup().location]",
            "tags": {
                "displayName": "HostingPlan"
            },
            "sku": {
                "name": "[parameters('skuName')]",
                "capacity": 1
            },
            "properties": {
                "name": "[variables('hostingPlanName')]"
            }
        },
        {
            "apiVersion": "2016-03-01",
            "name": "[parameters('webSiteName')]",
            "type": "Microsoft.Web/sites",
            "location": "[resourceGroup().location]",
            "identity": {
                "type": "SystemAssigned"
            },
            "dependsOn": [
                "[variables('hostingPlanName')]"
            ],
            "tags": {
                "[concat('hidden-related:', resourceId('Microsoft.Web/serverfarms', variables('hostingPlanName')))]": "empty",
                "displayName": "Website"
            },
            "properties": {
                "name": "[parameters('webSiteName')]",
                "serverFarmId": "[resourceId('Microsoft.Web/serverfarms', variables('hostingPlanName'))]"
            }
        },
        {
            "type": "Microsoft.KeyVault/vaults",
            "name": "[parameters('keyVaultName')]",
            "apiVersion": "2015-06-01",
            "location": "[resourceGroup().location]",
            "tags": {},
            "properties": {
                "sku": {
                    "family": "A",
                    "name": "Standard"
                },
                "tenantId": "[reference(variables('identityResourceId'), '2015-08-31-PREVIEW').tenantId]",
                "accessPolicies": [
                    {
                        "tenantId": "[reference(variables('identityResourceId'), '2015-08-31-PREVIEW').tenantId]",
                        "objectId": "[reference(variables('identityResourceId'), '2015-08-31-PREVIEW').principalId]",
                        "permissions": {
                            "secrets": [
                                "get"
                            ]
                        }
                    }
                ],
                "enabledForDeployment": false
            },
            "dependsOn": [
                "[concat('Microsoft.Web/sites/', parameters('webSiteName'))]"
            ]
        },
        {
            "type": "Microsoft.KeyVault/vaults/secrets",
            "name": "[concat(parameters('keyVaultName'), '/', 'secret')]",
            "apiVersion": "2015-06-01",
          "properties": {
            "value": "[parameters('keyVaultSecret')]"
          },
            "dependsOn": [
                "[concat('Microsoft.KeyVault/vaults/', parameters('keyVaultName'))]"
            ]
        }
    ]
}